A,AGILENT TECHNOLOGIES INC
AA,ALCOA CORP
AAL,AMERICAN AIRLINES GROUP INC
AAP,ADVANCE AUTO PARTS INC
AAPL,APPLE INC
ABBV,ABBVIE INC
ABC,AMERISOURCEBERGEN CORP
ABMD,ABIOMED INC
ABT,ABBOTT LABORATORIES
ACC,AMERICAN CAMPUS COMMUNITIES REIT I
ACGL,ARCH CAPITAL GROUP LTD
ACHC,ACADIA HEALTHCARE COMPANY INC
ACI,ALBERTSONS COMPANY INC CLASS A
ACM,AECOM
ACN,ACCENTURE PLC CLASS A
ADBE,ADOBE INC
ADI,ANALOG DEVICES INC
ADM,ARCHER DANIELS MIDLAND
ADP,AUTOMATIC DATA PROCESSING INC
ADPT,ADAPTIVE BIOTECHNOLOGIES CORP
ADS,ALLIANCE DATA SYSTEMS CORP
ADSK,AUTODESK INC
ADT,ADT INC
AEE,AMEREN CORP
AEP,AMERICAN ELECTRIC POWER INC
AES,AES CORP
AFG,AMERICAN FINANCIAL GROUP INC
AFL,AFLAC INC
AGCO,AGCO CORP
AGL,AGILON HEALTH INC
AGNC,AGNC INVESTMENT REIT CORP
AGO,ASSURED GUARANTY LTD
AGR,AVANGRID INC
AI,C3 AI INC CLASS A
AIG,AMERICAN INTERNATIONAL GROUP INC
AIRC,APARTMENT INCOME REIT CORP
AIZ,ASSURANT INC
AJG,ARTHUR J GALLAGHER
AKAM,AKAMAI TECHNOLOGIES INC
AL,AIR LEASE CORP CLASS A
ALB,ALBEMARLE CORP
ALGM,ALLEGRO MICROSYSTEMS INC
ALGN,ALIGN TECHNOLOGY INC
ALK,ALASKA AIR GROUP INC
ALL,ALLSTATE CORP
ALLE,ALLEGION PLC
ALLY,ALLY FINANCIAL INC
ALNY,ALNYLAM PHARMACEUTICALS INC
ALSN,ALLISON TRANSMISSION HOLDINGS INC
AM,ANTERO MIDSTREAM CORP
AMAT,APPLIED MATERIAL INC
AMBP,ARDAGH METAL PACKAGING SA
AMCR,AMCOR PLC
AMD,ADVANCED MICRO DEVICES INC
AME,AMETEK INC
AMED,AMEDISYS INC
AMG,AFFILIATED MANAGERS GROUP INC
AMGN,AMGEN INC
AMH,AMERICAN HOMES RENT REIT CLASS A
AMP,AMERIPRISE FINANCE INC
AMT,AMERICAN TOWER REIT CORP
AMZN,AMAZON COM INC
AN,AUTONATION INC
ANET,ARISTA NETWORKS INC
ANSS,ANSYS INC
ANTM,ANTHEM INC
AON,AON PLC CLASS A
AOS,A O SMITH CORP
APA,APA CORP
APD,AIR PRODUCTS AND CHEMICALS INC
APH,AMPHENOL CORP CLASS A
APO,APOLLO GLOBAL MANAGEMENT INC CLASS
APTV,APTIV PLC
ARD,ARDAGH GROUP SA CLASS A
ARE,ALEXANDRIA REAL ESTATE EQUITIES RE
ARES,ARES MANAGEMENT CORP CLASS A
ARMK,ARAMARK
ARW,ARROW ELECTRONICS INC
ASH,ASHLAND GLOBAL INC
ATH,ATHENE HOLDING LTD CLASS A
ATO,ATMOS ENERGY CORP
ATR,APTARGROUP INC
ATUS,ALTICE USA INC CLASS A
ATVI,ACTIVISION BLIZZARD INC
AVB,AVALONBAY COMMUNITIES REIT INC
AVGO,BROADCOM INC
AVLR,AVALARA INC
AVT,AVNET INC
AVTR,AVANTOR INC
AVY,AVERY DENNISON CORP
AWI,ARMSTRONG WORLD INDUSTRIES INC
AWK,AMERICAN WATER WORKS INC
AXON,AXON ENTERPRISE INC
AXP,AMERICAN EXPRESS
AXS,AXIS CAPITAL HOLDINGS LTD
AXTA,AXALTA COATING SYSTEMS LTD
AYI,ACUITY BRANDS INC
AYX,ALTERYX INC CLASS A
AZEK,AZEK COMPANY INC CLASS A
AZO,AUTOZONE INC
AZPN,ASPEN TECHNOLOGY INC
BA,BOEING
BAC,BANK OF AMERICA CORP
BAH,BOOZ ALLEN HAMILTON HOLDING CORP C
BAX,BAXTER INTERNATIONAL INC
BBWI,BATH AND BODY WORKS INC
BBY,BEST BUY INC
BC,BRUNSWICK CORP
BDX,BECTON DICKINSON
BEN,FRANKLIN RESOURCES INC
BEPC,BROOKFIELD RENEWABLE SUBORDINATE V
BERY,BERRY GLOBAL GROUP INC
BFA,BROWN FORMAN CORP CLASS A
BFAM,BRIGHT HORIZONS FAMILY SOLUTIONS I
BFB,BROWN FORMAN CORP CLASS B
BG,BUNGE LTD
BHF,BRIGHTHOUSE FINANCIAL INC
BIIB,BIOGEN INC
BILL,BILL COM HOLDINGS INC
BIO,BIO RAD LABORATORIES INC CLASS A
BK,BANK OF NEW YORK MELLON CORP
BKI,BLACK KNIGHT INC
BKNG,BOOKING HOLDINGS INC
BKR,BAKER HUGHES CLASS A
BLD,TOPBUILD CORP
BLDR,BUILDERS FIRSTSOURCE INC
BLK,BLACKROCK INC
BLL,BALL CORP
BMRN,BIOMARIN PHARMACEUTICAL INC
BMY,BRISTOL MYERS SQUIBB
BOH,BANK OF HAWAII CORP
BOKF,BOK FINANCIAL CORP
BPOP,POPULAR INC
BR,BROADRIDGE FINANCIAL SOLUTIONS INC
BRKB,BERKSHIRE HATHAWAY INC CLASS B
BRKR,BRUKER CORP
BRKS,BROOKS AUTOMATION INC
BRO,BROWN & BROWN INC
BRX,BRIXMOR PROPERTY GROUP REIT INC
BSX,BOSTON SCIENTIFIC CORP
BSY,BENTLEY SYSTEMS INC CLASS B
BURL,BURLINGTON STORES INC
BWA,BORGWARNER INC
BWXT,BWX TECHNOLOGIES INC
BX,BLACKSTONE INC
BXP,BOSTON PROPERTIES REIT INC
BYD,BOYD GAMING CORP
BYND,BEYOND MEAT INC
C,CITIGROUP INC
CABO,CABLE ONE INC
CACC,CREDIT ACCEPTANCE CORP
CACI,CACI INTERNATIONAL INC CLASS A
CAG,CONAGRA BRANDS INC
CAH,CARDINAL HEALTH INC
CARR,CARRIER GLOBAL CORP
CASY,CASEYS GENERAL STORES INC
CAT,CATERPILLAR INC
CB,CHUBB LTD
CBOE,CBOE GLOBAL MARKETS INC
CBRE,CBRE GROUP INC CLASS A
CBSH,COMMERCE BANCSHARES INC
CC,CHEMOURS
CCI,CROWN CASTLE INTERNATIONAL REIT CO
CCK,CROWN HOLDINGS INC
CCL,CARNIVAL CORP
CDAY,CERIDIAN HCM HOLDING INC
CDK,CDK GLOBAL INC
CDNS,CADENCE DESIGN SYSTEMS INC
CDW,CDW CORP
CE,CELANESE CORP
CERN,CERNER CORP
CERT,CERTARA INC
CF,CF INDUSTRIES HOLDINGS INC
CFG,CITIZENS FINANCIAL GROUP INC
CFR,CULLEN FROST BANKERS INC
CFX,COLFAX CORP
CG,CARLYLE GROUP INC
CGNX,COGNEX CORP
CHD,CHURCH AND DWIGHT INC
CHDN,CHURCHILL DOWNS INC
CHE,CHEMED CORP
CHGG,CHEGG INC
CHH,CHOICE HOTELS INTERNATIONAL INC
CHNG,CHANGE HEALTHCARE INC
CHPT,CHARGEPOINT HOLDINGS INC CLASS A
CHRW,CH ROBINSON WORLDWIDE INC
CHTR,CHARTER COMMUNICATIONS INC CLASS A
CI,CIGNA CORP
CIEN,CIENA CORP
CINF,CINCINNATI FINANCIAL CORP
CL,COLGATE-PALMOLIVE
CLF,CLEVELAND CLIFFS INC
CLH,CLEAN HARBORS INC
CLR,CONTINENTAL RESOURCES INC
CLVT,CLARIVATE PLC
CLX,CLOROX
CMA,COMERICA INC
CMCSA,COMCAST CORP CLASS A
CME,CME GROUP INC CLASS A
CMG,CHIPOTLE MEXICAN GRILL INC
CMI,CUMMINS INC
CMS,CMS ENERGY CORP
CNA,CNA FINANCIAL CORP
CNC,CENTENE CORP
CNM,CORE & MAIN INC CLASS A
CNP,CENTERPOINT ENERGY INC
CNXC,CONCENTRIX CORP
COF,CAPITAL ONE FINANCIAL CORP
COHR,COHERENT INC
COLD,AMERICOLD REALTY TRUST
COLM,COLUMBIA SPORTSWEAR
COMM,COMMSCOPE HOLDING INC
CONE,CYRUSONE REIT INC
COO,COOPER INC
COP,CONOCOPHILLIPS
COR,CORESITE REALTY REIT CORP
COST,COSTCO WHOLESALE CORP
COTY,COTY INC CLASS A
COUP,COUPA SOFTWARE INC
CPA,COPA HOLDINGS A SA
CPB,CAMPBELL SOUP
CPRI,CAPRI HOLDINGS LTD
CPRT,COPART INC
CPT,CAMDEN PROPERTY TRUST REIT
CR,CRANE
CRI,CARTERS INC
CRL,CHARLES RIVER LABORATORIES INTERNA
CRM,SALESFORCE.COM INC
CRUS,CIRRUS LOGIC INC
CRWD,CROWDSTRIKE HOLDINGS INC CLASS A
CSCO,CISCO SYSTEMS INC
CSGP,COSTAR GROUP INC
CSL,CARLISLE COMPANIES INC
CSX,CSX CORP
CTAS,CINTAS CORP
CTLT,CATALENT INC
CTRA,COTERRA ENERGY INC
CTSH,COGNIZANT TECHNOLOGY SOLUTIONS COR
CTVA,CORTEVA INC
CTXS,CITRIX SYSTEMS INC
CUBE,CUBESMART REIT
CUZ,COUSINS PROPERTIES REIT INC
CVAC,CUREVAC NV
CVNA,CARVANA CLASS A
CVS,CVS HEALTH CORP
CVX,CHEVRON CORP
CW,CURTISS WRIGHT CORP
CZR,CAESARS ENTERTAINMENT INC
D,DOMINION ENERGY INC
DAL,DELTA AIR LINES INC
DAR,DARLING INGREDIENTS INC
DASH,DOORDASH INC CLASS A
DBX,DROPBOX INC CLASS A
DCI,DONALDSON INC
DCT,DUCK CREEK TECH INC
DD,DUPONT DE NEMOURS INC
DDOG,DATADOG INC CLASS A
DE,DEERE
DECK,DECKERS OUTDOOR CORP
DEI,DOUGLAS EMMETT REIT INC
DELL,DELL TECHNOLOGIES INC CLASS C
DFS,DISCOVER FINANCIAL SERVICES
DG,DOLLAR GENERAL CORP
DGX,QUEST DIAGNOSTICS INC
DHI,D R HORTON INC
DHR,DANAHER CORP
DIS,WALT DISNEY
DISCA,DISCOVERY INC SERIES A
DISCK,DISCOVERY INC SERIES C
DISH,DISH NETWORK CORP CLASS A
DKNG,DRAFTKINGS INC CLASS A
DKS,DICKS SPORTING INC
DLB,DOLBY LABORATORIES INC CLASS A
DLR,DIGITAL REALTY TRUST REIT INC
DLTR,DOLLAR TREE INC
DNB,DUN BRADST HLDG INC
DOCU,DOCUSIGN INC
DOV,DOVER CORP
DOW,DOW INC
DOX,AMDOCS LTD
DPZ,DOMINOS PIZZA INC
DRE,DUKE REALTY REIT CORP
DRI,DARDEN RESTAURANTS INC
DRVN,DRIVEN BRANDS HOLDINGS INC
DSEY,DIVERSEY HOLDINGS LTD
DT,DYNATRACE INC
DTE,DTE ENERGY
DTM,DT MIDSTREAM INC
DUK,DUKE ENERGY CORP
DV,DOUBLEVERIFY HOLDINGS INC
DVA,DAVITA INC
DVN,DEVON ENERGY CORP
DXC,DXC TECHNOLOGY
DXCM,DEXCOM INC
EA,ELECTRONIC ARTS INC
EBAY,EBAY INC
ECL,ECOLAB INC
ED,CONSOLIDATED EDISON INC
EEFT,EURONET WORLDWIDE INC
EFX,EQUIFAX INC
EHC,ENCOMPASS HEALTH CORP
EIX,EDISON INTERNATIONAL
EL,ESTEE LAUDER INC CLASS A
ELAN,ELANCO ANIMAL HEALTH INC
ELS,EQUITY LIFESTYLE PROPERTIES REIT I
EMN,EASTMAN CHEMICAL
EMR,EMERSON ELECTRIC
ENPH,ENPHASE ENERGY INC
ENTG,ENTEGRIS INC
EOG,EOG RESOURCES INC
EPAM,EPAM SYSTEMS INC
EPR,EPR PROPERTIES REIT
EQH,EQUITABLE HOLDINGS INC
EQIX,EQUINIX REIT INC
EQR,EQUITY RESIDENTIAL REIT
EQT,EQT CORP
ERIE,ERIE INDEMNITY CLASS A
ES,EVERSOURCE ENERGY
ESI,ELEMENT SOLUTIONS INC
ESS,ESSEX PROPERTY TRUST REIT INC
ESTC,ELASTIC NV
ETN,EATON PLC
ETR,ENTERGY CORP
ETSY,ETSY INC
EVBG,EVERBRIDGE INC
EVR,EVERCORE INC CLASS A
EVRG,EVERGY INC
EW,EDWARDS LIFESCIENCES CORP
EWBC,EAST WEST BANCORP INC
EXAS,EXACT SCIENCES CORP
EXC,EXELON CORP
EXEL,EXELIXIS INC
EXP,EAGLE MATERIALS INC
EXPD,EXPEDITORS INTERNATIONAL OF WASHIN
EXPE,EXPEDIA GROUP INC
EXR,EXTRA SPACE STORAGE REIT INC
F,FORD MOTOR CO
FAF,FIRST AMERICAN FINANCIAL CORP
FANG,DIAMONDBACK ENERGY INC
FAST,FASTENAL
FB,META PLATFORMS INC CLASS A
FBHS,FORTUNE BRANDS HOME AND SECURITY I
FCN,FTI CONSULTING INC
FCNCA,FIRST CITIZENS BANCSHARES INC CLAS
FCX,FREEPORT MCMORAN INC
FDS,FACTSET RESEARCH SYSTEMS INC
FDX,FEDEX CORP
FE,FIRSTENERGY CORP
FFIV,F5 INC
FHB,FIRST HAWAIIAN INC
FHN,FIRST HORIZON CORP
FICO,FAIR ISAAC CORP
FIGS,FIGS INC CLASS A
FIS,FIDELITY NATIONAL INFORMATION SERV
FISV,FISERV INC
FITB,FIFTH THIRD BANCORP
FIVE,FIVE BELOW INC
FIVN,FIVE9 INC
FL,FOOT LOCKER INC
FLO,FLOWERS FOODS INC
FLS,FLOWSERVE CORP
FLT,FLEETCOR TECHNOLOGIES INC
FMC,FMC CORP
FNB,FNB CORP
FND,FLOOR DECOR HOLDINGS INC CLASS A
FNF,FIDELITY NATIONAL FINANCIAL INC
FOUR,SHIFT4 PAYMENTS INC CLASS A
FOX,FOX CORP CLASS B
FOXA,FOX CORP CLASS A
FR,FIRST INDUSTRIAL REALTY TRUST INC
FRC,FIRST REPUBLIC BANK
FRPT,FRESHPET INC
FRT,FEDERAL REALTY INVESTMENT TRUST RE
FSLR,FIRST SOLAR INC
FSLY,FASTLY INC CLASS A
FTDR,FRONTDOOR INC
FTNT,FORTINET INC
FTV,FORTIVE CORP
FWONA,LIBERTY MEDIA FORMULA ONE CORP SER
FWONK,LIBERTY MEDIA FORMULA ONE CORP SER
G,GENPACT LTD
GD,GENERAL DYNAMICS CORP
GDDY,GODADDY INC CLASS A
GE,GENERAL ELECTRIC
GGG,GRACO INC
GH,GUARDANT HEALTH INC
GILD,GILEAD SCIENCES INC
GIS,GENERAL MILLS INC
GL,GLOBE LIFE INC
GLOB,GLOBANT SA
GLPI,GAMING AND LEISURE PROPERTIES REIT
GLW,CORNING INC
GM,GENERAL MOTORS
GME,GAMESTOP CORP CLASS A
GMED,GLOBUS MEDICAL INC CLASS A
GNRC,GENERAC HOLDINGS INC
GNTX,GENTEX CORP
GO,GROCERY OUTLET HOLDING CORP
GOCO,GOHEALTH INC CLASS A
GOOG,ALPHABET INC CLASS C
GOOGL,ALPHABET INC CLASS A
GPC,GENUINE PARTS
GPK,GRAPHIC PACKAGING HOLDING
GPN,GLOBAL PAYMENTS INC
GPS,GAP INC
GRMN,GARMIN LTD
GS,GOLDMAN SACHS GROUP INC
GTES,GATES INDUSTRIAL PLC
GWRE,GUIDEWIRE SOFTWARE INC
GWW,WW GRAINGER INC
GXO,GXO LOGISTICS INC
H,HYATT HOTELS CORP CLASS A
HAIN,HAIN CELESTIAL GROUP INC
HAL,HALLIBURTON
HAS,HASBRO INC
HAYW,HAYWARD HOLDINGS INC
HBAN,HUNTINGTON BANCSHARES INC
HBI,HANESBRANDS INC
HCA,HCA HEALTHCARE INC
HD,HOME DEPOT INC
HE,HAWAIIAN ELECTRIC INDUSTRIES INC
HEI,HEICO CORP
HEIA,HEICO CORP CLASS A
HES,HESS CORP
HFC,HOLLYFRONTIER CORP
HHC,HOWARD HUGHES CORP
HIG,HARTFORD FINANCIAL SERVICES GROUP
HII,HUNTINGTON INGALLS INDUSTRIES INC
HIW,HIGHWOODS PROPERTIES REIT INC
HLF,HERBALIFE NUTRITION LTD
HLT,HILTON WORLDWIDE HOLDINGS INC
HOG,HARLEY DAVIDSON INC
HOLX,HOLOGIC INC
HON,HONEYWELL INTERNATIONAL INC
HPE,HEWLETT PACKARD ENTERPRISE
HPP,HUDSON PACIFIC PROPERTIES REIT INC
HPQ,HP INC
HRB,H&R BLOCK INC
HRC,HILL ROM HOLDINGS INC
HRL,HORMEL FOODS CORP
HSIC,HENRY SCHEIN INC
HST,HOST HOTELS & RESORTS REIT INC
HSY,HERSHEY FOODS
HTA,HEALTHCARE TRUST OF AMERICA REIT I
HUBB,HUBBELL INC
HUBS,HUBSPOT INC
HUM,HUMANA INC
HUN,HUNTSMAN CORP
HWM,HOWMET AEROSPACE INC
HXL,HEXCEL CORP
HZNP,HORIZON THERAPEUTICS PUBLIC PLC
IAA,IAA INC
IAC,IAC INTERACTIVE
IART,INTEGRA LIFESCIENCES HOLDINGS CORP
IBKR,INTERACTIVE BROKERS GROUP INC CLAS
IBM,INTERNATIONAL BUSINESS MACHINES CO
ICE,INTERCONTINENTAL EXCHANGE INC
ICUI,ICU MEDICAL INC
IDA,IDACORP INC
IDXX,IDEXX LABORATORIES INC
IEX,IDEX CORP
IFF,INTERNATIONAL FLAVORS & FRAGRANCES
ILMN,ILLUMINA INC
INCY,INCYTE CORP
INFO,IHS MARKIT LTD
INGR,INGREDION INC
INTC,INTEL CORPORATION CORP
INTU,INTUIT INC
INVH,INVITATION HOMES INC
IONS,IONIS PHARMACEUTICALS INC
IOVA,IOVANCE BIOTHERAPEUTICS INC
IP,INTERNATIONAL PAPER
IPG,INTERPUBLIC GROUP OF COMPANIES INC
IPGP,IPG PHOTONICS CORP
IQV,IQVIA HOLDINGS INC
IR,INGERSOLL RAND INC
IRM,IRON MOUNTAIN INC
ISRG,INTUITIVE SURGICAL INC
IT,GARTNER INC
ITT,ITT INC
ITW,ILLINOIS TOOL INC
IVZ,INVESCO LTD
J,JACOBS ENGINEERING GROUP INC
JAMF,JAMF HOLDING CORP
JAZZ,JAZZ PHARMACEUTICALS PLC
JBGS,JBG SMITH PROPERTIES
JBHT,JB HUNT TRANSPORT SERVICES INC
JBL,JABIL INC
JBLU,JETBLUE AIRWAYS CORP
JCI,JOHNSON CONTROLS INTERNATIONAL PLC
JEF,JEFFERIES FINANCIAL GROUP INC
JHG,JANUS HENDERSON GROUP PLC
JKHY,JACK HENRY AND ASSOCIATES INC
JLL,JONES LANG LASALLE INC
JNJ,JOHNSON & JOHNSON
JNPR,JUNIPER NETWORKS INC
JPM,JPMORGAN CHASE & CO
JWN,NORDSTROM INC
K,KELLOGG
KD,KYNDRYL HOLDINGS INC
KDP,KEURIG DR PEPPER INC
KEX,KIRBY CORP
KEY,KEYCORP
KEYS,KEYSIGHT TECHNOLOGIES INC
KHC,KRAFT HEINZ
KIM,KIMCO REALTY REIT CORP
KKR,KKR AND CO INC
KLAC,KLA CORP
KMB,KIMBERLY CLARK CORP
KMI,KINDER MORGAN INC
KMPR,KEMPER CORP
KMX,CARMAX INC
KNX,KNIGHT-SWIFT TRANSPORTATION HOLDIN
KO,COCA-COLA
KR,KROGER
KRC,KILROY REALTY REIT CORP
KSS,KOHLS CORP
KSU,KANSAS CITY SOUTHERN
L,LOEWS CORP
LAD,LITHIA MOTORS INC
LAMR,LAMAR ADVERTISING COMPANY CLAS
LAZ,LAZARD LTD CLASS A
LBRDA,LIBERTY BROADBAND CORP SERIES A
LBRDK,LIBERTY BROADBAND CORP SERIES C
LDOS,LEIDOS HOLDINGS INC
LEA,LEAR CORP
LECO,LINCOLN ELECTRIC HOLDINGS INC
LEG,LEGGETT & PLATT INC
LEN,LENNAR A CORP
LENB,LENNAR CORP CLASS B
LESL,LESLIES INC
LFUS,LITTELFUSE INC
LH,LABORATORY CORPORATION OF AMERICA
LHX,L3HARRIS TECHNOLOGIES INC
LII,LENNOX INTERNATIONAL INC
LITE,LUMENTUM HOLDINGS INC
LKQ,LKQ CORP
LLY,ELI LILLY
LMND,LEMONADE INC
LMT,LOCKHEED MARTIN CORP
LNC,LINCOLN NATIONAL CORP
LNG,CHENIERE ENERGY INC
LNT,ALLIANT ENERGY CORP
LOPE,GRAND CANYON EDUCATION INC
LOW,LOWES COMPANIES INC
LPLA,LPL FINANCIAL HOLDINGS INC
LPX,LOUISIANA PACIFIC CORP
LRCX,LAM RESEARCH CORP
LSI,LIFE STORAGE INC
LSTR,LANDSTAR SYSTEM INC
LSXMA,LIBERTY MEDIA LIBERTY SIRIUSXM COR
LSXMK,LIBERTY MEDIA LIBERTY SIRIUSXM COR
LULU,LULULEMON ATHLETICA INC
LUMN,LUMEN TECHNOLOGIES INC
LUV,SOUTHWEST AIRLINES
LVS,LAS VEGAS SANDS CORP
LW,LAMB WESTON HOLDINGS INC
LYB,LYONDELLBASELL INDUSTRIES NV CLASS
LYFT,LYFT INC CLASS A
LYLT,LOYALTY VENTURES INC
LYV,LIVE NATION ENTERTAINMENT INC
LZ,LEGALZOOM COM INC
MA,MASTERCARD INC CLASS A
MAA,MID AMERICA APARTMENT COMMUNITIES
MAN,MANPOWER INC
MANH,MANHATTAN ASSOCIATES INC
MAR,MARRIOTT INTERNATIONAL INC CLASS A
MAS,MASCO CORP
MASI,MASIMO CORP
MAT,MATTEL INC
MCD,MCDONALDS CORP
MCFE,MCAFEE CORP CLASS A
MCHP,MICROCHIP TECHNOLOGY INC
MCK,MCKESSON CORP
MCO,MOODYS CORP
MCW,MISTER CAR WASH INC
MCY,MERCURY GENERAL CORP
MDB,MONGODB INC CLASS A
MDLZ,MONDELEZ INTERNATIONAL INC CLASS A
MDT,MEDTRONIC PLC
MDU,MDU RESOURCES GROUP INC
MET,METLIFE INC
MGM,MGM RESORTS INTERNATIONAL
MHK,MOHAWK INDUSTRIES INC
MIDD,MIDDLEBY CORP
MKC,MCCORMICK & CO NON-VOTING INC
MKL,MARKEL CORP
MKSI,MKS INSTRUMENTS INC
MKTX,MARKETAXESS HOLDINGS INC
MLM,MARTIN MARIETTA MATERIALS INC
MMC,MARSH & MCLENNAN INC
MMM,3M
MNDT,MANDIANT INC
MNST,MONSTER BEVERAGE CORP
MO,ALTRIA GROUP INC
MOH,MOLINA HEALTHCARE INC
MORN,MORNINGSTAR INC
MOS,MOSAIC
MPC,MARATHON PETROLEUM CORP
MPW,MEDICAL PROPERTIES TRUST REIT INC
MPWR,MONOLITHIC POWER SYSTEMS INC
MRCY,MERCURY SYSTEMS INC
MRK,MERCK & CO INC
MRNA,MODERNA INC
MRO,MARATHON OIL CORP
MRTX,MIRATI THERAPEUTICS INC
MRVI,MARAVAI LIFESCIENCES HOLDINGS INC
MRVL,MARVELL TECHNOLOGY INC
MS,MORGAN STANLEY
MSA,MSA SAFETY INC
MSCI,MSCI INC
MSFT,MICROSOFT CORP
MSGS,MADISON SQUARE GARDEN SPORTS CORP
MSI,MOTOROLA SOLUTIONS INC
MSM,MSC INDUSTRIAL INC CLASS A
MSP,DATTO HOLDING CORP
MTB,M&T BANK CORP
MTCH,MATCH GROUP INC
MTD,METTLER TOLEDO INC
MTG,MGIC INVESTMENT CORP
MTN,VAIL RESORTS INC
MTZ,MASTEC INC
MU,MICRON TECHNOLOGY INC
NABL,N ABLE INC
NATI,NATIONAL INSTRUMENTS CORP
NBIX,NEUROCRINE BIOSCIENCES INC
NCLH,NORWEGIAN CRUISE LINE HOLDINGS LTD
NCNO,NCINO INC
NCR,NCR CORP
NDAQ,NASDAQ INC
NDSN,NORDSON CORP
NEE,NEXTERA ENERGY INC
NEM,NEWMONT
NET,CLOUDFLARE INC CLASS A
NEU,NEWMARKET CORP
NEWR,NEW RELIC INC
NFE,NEW FORTRESS ENERGY INC CLASS A
NFG,NATIONAL FUEL GAS
NFLX,NETFLIX INC
NI,NISOURCE INC
NKE,NIKE INC CLASS B
NKTR,NEKTAR THERAPEUTICS
NLOK,NORTONLIFELOCK INC
NLSN,NIELSEN HOLDINGS PLC
NLY,ANNALY CAPITAL MANAGEMENT REIT INC
NNN,NATIONAL RETAIL PROPERTIES REIT IN
NOC,NORTHROP GRUMMAN CORP
NOV,NOV INC
NOW,SERVICENOW INC
NRG,NRG ENERGY INC
NRZ,NEW RESIDENTIAL INVESTMENT REIT CO
NSC,NORFOLK SOUTHERN CORP
NTAP,NETAPP INC
NTNX,NUTANIX INC CLASS A
NTRA,NATERA INC
NTRS,NORTHERN TRUST CORP
NUAN,NUANCE COMMUNICATIONS INC
NUE,NUCOR CORP
NVAX,NOVAVAX INC
NVCR,NOVOCURE LTD
NVDA,NVIDIA CORP
NVR,NVR INC
NVST,ENVISTA HOLDINGS CORP
NVT,NVENT ELECTRIC PLC
NWL,NEWELL BRANDS INC
NWS,NEWS CORP CLASS B
NWSA,NEWS CORP CLASS A
NXPI,NXP SEMICONDUCTORS NV
NXST,NEXSTAR MEDIA GROUP INC CLASS A
NYCB,NEW YORK COMMUNITY BANCORP INC
NYT,NEW YORK TIMES CLASS A
O,REALTY INCOME REIT CORP
OC,OWENS CORNING
ODFL,OLD DOMINION FREIGHT LINE INC
OGE,OGE ENERGY CORP
OGN,ORGANON
OHI,OMEGA HEALTHCARE INVESTORS REIT IN
OKE,ONEOK INC
OKTA,OKTA INC CLASS A
OLED,UNIVERSAL DISPLAY CORP
OLLI,OLLIES BARGAIN OUTLET HOLDINGS INC
OLN,OLIN CORP
OMC,OMNICOM GROUP INC
OMF,ONEMAIN HOLDINGS INC
ON,ON SEMICONDUCTOR CORP
ONL,ORION OFFICE REIT INC
OPEN,OPENDOOR TECHNOLOGIES INC
ORCL,ORACLE CORP
ORI,OLD REPUBLIC INTERNATIONAL CORP
ORLY,OREILLY AUTOMOTIVE INC
OSH,OAK STREET HEALTH INC
OSK,OSHKOSH CORP
OTIS,OTIS WORLDWIDE CORP
OXY,OCCIDENTAL PETROLEUM CORP
OZK,BANK OZK
PACW,PACWEST BANCORP
PAG,PENSKE AUTOMOTIVE GROUP VOTING INC
PANW,PALO ALTO NETWORKS INC
PAYC,PAYCOM SOFTWARE INC
PAYX,PAYCHEX INC
PB,PROSPERITY BANCSHARES INC
PBCT,PEOPLES UNITED FINANCIAL INC
PCAR,PACCAR INC
PCG,PG&E CORP
PCOR,PROCORE TECHNOLOGIES INC
PCTY,PAYLOCITY HOLDING CORP
PEAK,HEALTHPEAK PROPERTIES INC
PEG,PUBLIC SERVICE ENTERPRISE GROUP IN
PEGA,PEGASYSTEMS INC
PEN,PENUMBRA INC
PENN,PENN NATIONAL GAMING INC
PEP,PEPSICO INC
PFE,PFIZER INC
PFG,PRINCIPAL FINANCIAL GROUP INC
PG,PROCTER & GAMBLE
PGR,PROGRESSIVE CORP
PH,PARKER-HANNIFIN CORP
PHM,PULTEGROUP INC
PII,POLARIS INC
PINC,PREMIER INC CLASS A
PINS,PINTEREST INC CLASS A
PK,PARK HOTELS RESORTS INC
PKG,PACKAGING CORP OF AMERICA
PKI,PERKINELMER INC
PLAN,ANAPLAN INC
PLD,PROLOGIS REIT INC
PLNT,PLANET FITNESS INC CLASS A
PLTK,PLAYTIKA HOLDING CORP
PLTR,PALANTIR TECHNOLOGIES INC CLASS A
PLUG,PLUG POWER INC
PM,PHILIP MORRIS INTERNATIONAL INC
PNC,PNC FINANCIAL SERVICES GROUP INC
PNFP,PINNACLE FINANCIAL PARTNERS INC
PNR,PENTAIR
PNW,PINNACLE WEST CORP
PODD,INSULET CORP
POOL,POOL CORP
POST,POST HOLDINGS INC
PPC,PILGRIMS PRIDE CORP
PPD,PPD INC
PPG,PPG INDUSTRIES INC
PPL,PPL CORP
PRGO,PERRIGO PLC
PRI,PRIMERICA INC
PRU,PRUDENTIAL FINANCIAL INC
PSA,PUBLIC STORAGE REIT
PSFE,PAYSAFE LTD
PSTG,PURE STORAGE INC CLASS A
PSX,PHILLIPS
PTC,PTC INC
PTON,PELOTON INTERACTIVE CLASS A INC
PVH,PVH CORP
PWR,QUANTA SERVICES INC
PXD,PIONEER NATURAL RESOURCE
PYCR,PAYCOR HCM INC
PYPL,PAYPAL HOLDINGS INC
QCOM,QUALCOMM INC
QDEL,QUIDEL CORP
QGEN,QIAGEN NV
QRTEA,QURATE RETAIL INC SERIES A
QRVO,QORVO INC
QS,QUANTUMSCAPE CORP CLASS A
R,RYDER SYSTEM INC
RARE,ULTRAGENYX PHARMACEUTICAL INC
RCL,ROYAL CARIBBEAN GROUP LTD
RE,EVEREST RE GROUP LTD
REG,REGENCY CENTERS REIT CORP
REGN,REGENERON PHARMACEUTICALS INC
REXR,REXFORD INDUSTRIAL REALTY REIT INC
REYN,REYNOLDS CONSUMER PRODUCTS INC
RF,REGIONS FINANCIAL CORP
RGA,REINSURANCE GROUP OF AMERICA INC
RGEN,REPLIGEN CORP
RGLD,ROYAL GOLD INC
RH,RH
RHI,ROBERT HALF
RJF,RAYMOND JAMES INC
RKT,ROCKET COMPANIES INC CLASS A
RL,RALPH LAUREN CORP CLASS A
RMD,RESMED INC
RNG,RINGCENTRAL INC CLASS A
RNR,RENAISSANCERE HOLDING LTD
ROK,ROCKWELL AUTOMATION INC
ROKU,ROKU INC CLASS A
ROL,ROLLINS INC
ROP,ROPER TECHNOLOGIES INC
ROST,ROSS STORES INC
RPM,RPM INTERNATIONAL INC
RPRX,ROYALTY PHARMA PLC CLASS A
RRX,REGAL REXNORD CORP
RS,RELIANCE STEEL & ALUMINUM
RSG,REPUBLIC SERVICES INC
RTX,RAYTHEON TECHNOLOGIES CORP
RUN,SUNRUN INC
RYN,RAYONIER REIT INC
SABR,SABRE CORP
SAGE,SAGE THERAPEUTICS INC
SAIC,SCIENCE APPLICATIONS INTERNATIONAL
SAM,BOSTON BEER INC CLASS A
SBAC,SBA COMMUNICATIONS REIT CORP CLASS
SBNY,SIGNATURE BANK
SBUX,STARBUCKS CORP
SC,SANTANDER CONSUMER USA HOLDINGS IN
SCCO,SOUTHERN COPPER CORP
SCHW,CHARLES SCHWAB CORP
SCI,SERVICE
SEB,SEABOARD CORP
SEE,SEALED AIR CORP
SEIC,SEI INVESTMENTS
SF,STIFEL FINANCIAL CORP
SGEN,SEAGEN INC
SGFY,SIGNIFY HEALTH INC CLASS A
SHC,SOTERA HEALTH COMPANY
SHLS,SHOALS TECHNOLOGIES GROUP INC CLAS
SHW,SHERWIN WILLIAMS
SIRI,SIRIUS XM HOLDINGS INC
SITE,SITEONE LANDSCAPE SUPPLY INC
SIVB,SVB FINANCIAL GROUP
SIX,SIX FLAGS ENTERTAINMENT CORP
SJM,JM SMUCKER
SKLZ,SKILLZ INC CLASS A
SKX,SKECHERS USA INC CLASS A
SLB,SCHLUMBERGER NV
SLG,SL GREEN REALTY REIT CORP
SLGN,SILGAN HOLDINGS INC
SLM,SLM CORP
SLVM,SYLVAMO CORP
SMAR,SMARTSHEET INC CLASS A
SMG,SCOTTS MIRACLE GRO
SNA,SNAP ON INC
SNDR,SCHNEIDER NATIONAL INC CLASS B
SNOW,SNOWFLAKE CLASS A
SNPS,SYNOPSYS INC
SNV,SYNOVUS FINANCIAL CORP
SNX,TD SYNNEX CORP
SO,SOUTHERN
SON,SONOCO PRODUCTS
SPB,SPECTRUM BRANDS HOLDINGS INC
SPCE,VIRGIN GALACTIC HOLDINGS INC SHS C
SPG,SIMON PROPERTY GROUP REIT INC
SPGI,S&P GLOBAL INC
SPLK,SPLUNK INC
SPOT,SPOTIFY TECHNOLOGY SA
SPR,SPIRIT AEROSYSTEMS INC CLASS A
SQ,SQUARE INC CLASS A
SRC,SPIRIT REALTY CAPITAL REIT INC
SRCL,STERICYCLE INC
SRE,SEMPRA
SRPT,SAREPTA THERAPEUTICS INC
SSNC,SS AND C TECHNOLOGIES HOLDINGS INC
ST,SENSATA TECHNOLOGIES HOLDING PLC
STE,STERIS
STL,STERLING BANCORP
STLD,STEEL DYNAMICS INC
STNE,STONECO LTD CLASS A
STOR,STORE CAPITAL CORP
STT,STATE STREET CORP
STWD,STARWOOD PROPERTY TRUST REIT INC
STZ,CONSTELLATION BRANDS INC CLASS A
SUI,SUN COMMUNITIES REIT INC
SWCH,SWITCH INC CLASS A
SWI,SOLARWINDS CORP
SWK,STANLEY BLACK & DECKER INC
SWKS,SKYWORKS SOLUTIONS INC
SYF,SYNCHRONY FINANCIAL
SYK,STRYKER CORP
SYNH,SYNEOS HEALTH INC CLASS A
SYY,SYSCO CORP
T,AT&T INC
TAP,MOLSON COORS BREWING CLASS B
TDC,TERADATA CORP
TDG,TRANSDIGM GROUP INC
TDOC,TELADOC HEALTH INC
TDY,TELEDYNE TECHNOLOGIES INC
TEAM,ATLASSIAN PLC CLASS A
TECH,BIO TECHNE CORP
TER,TERADYNE INC
TFC,TRUIST FINANCIAL CORP
TFSL,TFS FINANCIAL CORP
TFX,TELEFLEX INC
TGT,TARGET CORP
THG,HANOVER INSURANCE GROUP INC
THO,THOR INDUSTRIES INC
TJX,TJX INC
TKR,TIMKEN
TMO,THERMO FISHER SCIENTIFIC INC
TMUS,T MOBILE US INC
TMX,TERMINIX GLOBAL HOLDINGS INC
TNDM,TANDEM DIABETES CARE INC
TNL,TRAVEL LEISURE
TOL,TOLL BROTHERS INC
TPL,TEXAS PACIFIC LAND CORP
TPR,TAPESTRY INC
TPX,TEMPUR SEALY INTERNATIONAL INC
TREX,TREX INC
TRGP,TARGA RESOURCES CORP
TRIP,TRIPADVISOR INC
TRMB,TRIMBLE INC
TROW,T ROWE PRICE GROUP INC
TRU,TRANSUNION
TRV,TRAVELERS COMPANIES INC
TSCO,TRACTOR SUPPLY
TSLA,TESLA INC
TSN,TYSON FOODS INC CLASS A
TSP,TUSIMPLE HOLDINGS INC CLASS A
TT,TRANE TECHNOLOGIES PLC
TTC,TORO
TTD,TRADE DESK INC CLASS A
TTWO,TAKE TWO INTERACTIVE SOFTWARE INC
TW,TRADEWEB MARKETS INC CLASS A
TWLO,TWILIO INC CLASS A
TWTR,TWITTER INC
TXG,10X GENOMICS INC CLASS A
TXN,TEXAS INSTRUMENT INC
TXT,TEXTRON INC
TYL,TYLER TECHNOLOGIES INC
U,UNITY SOFTWARE INC
UA,UNDER ARMOUR INC CLASS C
UAA,UNDER ARMOUR INC CLASS A
UAL,UNITED AIRLINES HOLDINGS INC
UBER,UBER TECHNOLOGIES INC
UDR,UDR REIT INC
UGI,UGI CORP
UHAL,AMERCO
UHS,UNIVERSAL HEALTH SERVICES INC CLAS
UI,UBIQUITI INC
ULTA,ULTA BEAUTY INC
UMPQ,UMPQUA HOLDINGS CORP
UNH,UNITEDHEALTH GROUP INC
UNM,UNUM
UNP,UNION PACIFIC CORP
UNVR,UNIVAR SOLUTIONS INC
UPS,UNITED PARCEL SERVICE INC CLASS B
UPST,UPSTART HOLDINGS INC
URI,UNITED RENTALS INC
USB,US BANCORP
USFD,US FOODS HOLDING CORP
UTHR,UNITED THERAPEUTICS CORP
UWMC,UWM HOLDINGS CORP CLASS A
V,VISA INC CLASS A
VAC,MARRIOTT VACATIONS WORLDWIDE CORP
VEEV,VEEVA SYSTEMS INC CLASS A
VFC,VF CORP
VIAC,VIACOMCBS INC CLASS B
VIACA,VIACOMCBS INC CLASS A
VICI,VICI PPTYS INC
VIRT,VIRTU FINANCIAL INC CLASS A
VLO,VALERO ENERGY CORP
VMC,VULCAN MATERIALS
VMEO,VIMEO INC
VMI,VALMONT INDS INC
VMW,VMWARE CLASS A INC
VNO,VORNADO REALTY TRUST REIT
VNT,VONTIER CORP
VOYA,VOYA FINANCIAL INC
VRM,VROOM INC
VRSK,VERISK ANALYTICS INC
VRSN,VERISIGN INC
VRT,VERTIV HOLDINGS CLASS A
VRTX,VERTEX PHARMACEUTICALS INC
VSAT,VIASAT INC
VSCO,VICTORIA S SECRET
VST,VISTRA CORP
VTR,VENTAS REIT INC
VTRS,VIATRIS INC
VVV,VALVOLINE INC
VZ,VERIZON COMMUNICATIONS INC
W,WAYFAIR INC CLASS A
WAB,WESTINGHOUSE AIR BRAKE TECHNOLOGIE
WAL,WESTERN ALLIANCE
WAT,WATER CORP
WBA,WALGREEN BOOTS ALLIANCE INC
WBS,WEBSTER FINANCIAL CORP
WDAY,WORKDAY INC CLASS A
WDC,WESTERN DIGITAL CORP
WEC,WEC ENERGY GROUP INC
WELL,WELLTOWER INC
WEN,WENDYS
WEX,WEX INC
WFC,WELLS FARGO
WH,WYNDHAM HOTELS RESORTS INC
WHR,WHIRLPOOL CORP
WIX,WIX.COM LTD
WLK,WESTLAKE CHEMICAL CORP
WLTW,WILLIS TOWERS WATSON PLC
WM,WASTE MANAGEMENT INC
WMB,WILLIAMS INC
WMS,ADVANCED DRAINAGE SYSTEMS INC
WMT,WALMART INC
WOLF,WOLFSPEED INC
WOOF,PETCO HEALTH AND WELLNESS COMPANY
WPC,W. P. CAREY REIT INC
WRB,WR BERKLEY CORP
WRK,WESTROCK
WSM,WILLIAMS SONOMA INC
WSO,WATSCO INC
WST,WEST PHARMACEUTICAL SERVICES INC
WTFC,WINTRUST FINANCIAL CORP
WTM,WHITE MOUNTAINS INSURANCE GROUP LT
WTRG,ESSENTIAL UTILITIES INC
WU,WESTERN UNION
WWD,WOODWARD INC
WWE,WORLD WRESTLING ENTERTAINMENT INC
WY,WEYERHAEUSER REIT
WYNN,WYNN RESORTS LTD
X,US STEEL CORP
XEL,XCEL ENERGY INC
XLNX,XILINX INC
XLRN,ACCELERON PHARMA INC
XOM,EXXON MOBIL CORP
XPO,XPO LOGISTICS INC
XRAY,DENTSPLY SIRONA INC
XRX,XEROX HOLDINGS CORP
XYL,XYLEM INC
Y,ALLEGHANY CORP
YETI,YETI HOLDINGS INC
YUM,YUM BRANDS INC
YUMC,YUM CHINA HOLDINGS INC
Z,ZILLOW GROUP INC CLASS C
ZBH,ZIMMER BIOMET HOLDINGS INC
ZBRA,ZEBRA TECHNOLOGIES CORP CLASS A
ZEN,ZENDESK INC
ZG,ZILLOW GROUP INC CLASS A
ZION,ZIONS BANCORPORATION
ZM,ZOOM VIDEO COMMUNICATIONS INC CLAS
ZNGA,ZYNGA INC CLASS A
ZS,ZSCALER INC
ZTS,ZOETIS INC CLASS A
IWB,ISHARES RUSSELL 1000 ETF
